image,price,name,detail
https://shop-phinf.pstatic.net/20200915_243/1600152594322L3gAn_JPEG/37514927814865378_609752333.jpeg?type=f295_381,"22,500",국산 스텐 빨대 묶음  /키즈용 / 스테인레스 빨대 / 제로웨이스트,https://smartstore.naver.com/donggramirefillery/products/6781149275
https://shop-phinf.pstatic.net/20220426_294/1650958111178qubpc_JPEG/52093999814754118_1361021802.jpg?type=f295_381,"25,000",[환경교육 보드게임] 키스톤 생물 다양성 보드게임 어린이날 생일 청소년 선물 세금계산서 발행,https://smartstore.naver.com/donggramirefillery/products/6643027116
https://shop-phinf.pstatic.net/20220426_179/1650954019738UcHWq_JPEG/52089847528948529_513550682.jpg?type=f295_381,"35,000",[환경교육 보드게임] 플라스틱 아일랜드 환경 교육 교구 어린이날 생일 선물 합배송 세금계산서발행,https://smartstore.naver.com/donggramirefillery/products/6597364743
https://shop-phinf.pstatic.net/20220416_59/1650090065729lnLoq_JPEG/51225964311404312_2085720967.jpg?type=f295_381,"9,000",오이지 해피베지씨 Fabric45 제로웨이스트 친환경 포장지 국산광목 보자기 캐릭터손수건 어린이집 유치원 답례품 추석 선물,https://smartstore.naver.com/donggramirefillery/products/6554795242
https://shop-phinf.pstatic.net/20201226_182/1608972841740mWigi_JPEG/10108675521712151_2049254621.jpeg?type=f295_381,"8,000",꽃마리 과탄산소다 대용량 빨래비누 생리대전용 얼룩제거 고체 비누 제로웨이스트,https://smartstore.naver.com/donggramirefillery/products/5721095224
https://shop-phinf.pstatic.net/20210530_232/1622386539500bBwQv_JPEG/23522319137272147_742363431.jpeg?type=f295_381,"6,500",래디어스 실크 플로스 / 생분해 오가닉 치실 / 공정무역 치실,https://smartstore.naver.com/donggramirefillery/products/5618265446
https://shop-phinf.pstatic.net/20210202_179/1612249332679kPoQX_JPEG/13385231379091265_397296985.jpeg?type=f295_381,"14,000",쓸킷 리크레용  쓸모의 발견 업사이클링 핸드메이드 친환경 크레파스 어린이집 답례품  조카 추석 선물,https://smartstore.naver.com/donggramirefillery/products/5610788195
https://shop-phinf.pstatic.net/20210524_240/1621816738803JOSP8_JPEG/22952634380654813_924770691.jpg?type=f295_381,"215,000",[대량주문 기업결제] 제로웨이스트 친환경 선물세트,https://smartstore.naver.com/donggramirefillery/products/5604876239
https://shop-phinf.pstatic.net/20210715_295/1626335579729Lu2iR_JPEG/27471413548211707_2057054628.jpg?type=f295_381,"4,000",마이아일랜드 성인용 어린이용 KC인증 대나무 칫솔,https://smartstore.naver.com/donggramirefillery/products/5589570503
https://shop-phinf.pstatic.net/20210420_290/1618923970469oNmnX_JPEG/20059750156449564_510150496.jpeg?type=f295_381,"3,000","지구샵 고체치약 소용량 10정, 30정",https://smartstore.naver.com/donggramirefillery/products/5537410628
https://shop-phinf.pstatic.net/20210320_263/1616217936584T2zE6_JPEG/17353770401106765_1372692758.jpeg?type=f295_381,"16,900",선스페이스 촌스러운 샴푸바 / 제로웨이스트 고체 샴푸바 두피 튼튼 모발 건강,https://smartstore.naver.com/donggramirefillery/products/5468064812
https://shop-phinf.pstatic.net/20210318_133/1616050379300R1Hnj_JPEG/17186213072122456_1650964704.jpg?type=f295_381,"5,000",천연 국산 열매 수세미 / 식물성 친환경 수세미 / 루파 /  플라스틱프리 / 제로웨이스트,https://smartstore.naver.com/donggramirefillery/products/5463775756
https://shop-phinf.pstatic.net/20210526_4/1622035094217TyrPy_JPEG/23170982876979243_67218882.jpg?type=f295_381,"14,000","쓸킷 리크레용 키트, 리크레용 키트, 쓸모의 발견, 업사이클링, DIY KIT, 핸드메이드",https://smartstore.naver.com/donggramirefillery/products/5375663373
https://shop-phinf.pstatic.net/20201230_120/1609309534052d3MOU_JPEG/10445379739158427_584584844.jpeg?type=f295_381,"3,000",무코팅 크라프트 100% 종이 택배 박스 테이프,https://smartstore.naver.com/donggramirefillery/products/5300358009
https://shop-phinf.pstatic.net/20220823_168/1661242759687Kmpra_JPEG/62378594497324241_2053184128.jpg?type=f295_381,"30,000",제로웨이스트 친환경 가심비 베이직 실용 추석선물세트 (소창행주 설거지비누 고무장갑),https://smartstore.naver.com/donggramirefillery/products/5297425917
https://shop-phinf.pstatic.net/20201226_182/1608972841740mWigi_JPEG/10108675521712151_2049254621.jpeg?type=f295_381,"4,200",꽃마리 과탄산소다 빨래 비누 생리대전용 얼룩제거 고체 비누 제로웨이스트,https://smartstore.naver.com/donggramirefillery/products/5286644508
https://shop-phinf.pstatic.net/20201207_140/16073152340271drOw_JPEG/8451068749982992_1667930981.jpeg?type=f295_381,"9,000",크리스마스 소품 밀랍초 트리 산타클로스 배 모양 밀랍초,https://smartstore.naver.com/donggramirefillery/products/5259892207
https://shop-phinf.pstatic.net/20201203_231/1607001855193ArU0u_JPEG/8137743890363580_284944744.jpeg?type=f295_381,"23,000",유리빨대 파우치 세트 / 다회용 / 핸드메이드  / 공정무역 / 내열 강화 유리 / 국내산,https://smartstore.naver.com/donggramirefillery/products/5255153663
https://shop-phinf.pstatic.net/20201027_137/1603782151163TKf3F_JPEG/4918046859509628_22594248.jpeg?type=f295_381,"5,000",다시 쓰는 그랩 / 밀랍랩 / 다회용랩 / 비즈왁스랩 / 친환경 / 식품용 / 플라스틱프리,https://smartstore.naver.com/donggramirefillery/products/5213404354
https://shop-phinf.pstatic.net/20200925_185/1601009428648RuwIX_JPEG/2145256290492816_610985882.jpeg?type=f295_381,"3,000",친환경 아임낫띵 황마 수세미 / 마끈 낙엽수세미 / 플라스틱프리 / 핸드메이드 / 제로웨이스트,https://smartstore.naver.com/donggramirefillery/products/5176476682
https://shop-phinf.pstatic.net/20200924_183/1600948139210dcul9_JPEG/38309681863464620_603406994.jpeg?type=f295_381,"6,900",천연 국산 열매 수세미 / 식물성 친환경 수세미 / 루파 /  플라스틱프리 / 제로웨이스트,https://smartstore.naver.com/donggramirefillery/products/5134263564
https://shop-phinf.pstatic.net/20200923_86/1600848861384qfssk_JPEG/1984689202337806_1748939183.jpg?type=f295_381,"7,000",제로웨이스트/더피커 생분해 치실,https://smartstore.naver.com/donggramirefillery/products/5132020082
https://shop-phinf.pstatic.net/20200915_243/1600152594322L3gAn_JPEG/37514927814865378_609752333.jpeg?type=f295_381,"2,000",국산 스텐 빨대  /키즈용 / 스테인레스 빨대 / 제로웨이스트,https://smartstore.naver.com/donggramirefillery/products/5131638766
https://shop-phinf.pstatic.net/20200905_212/1599280642938BfIiM_JPEG/416541630938166_1564338252.jpeg?type=f295_381,"4,400",eeeek 다회용 실리콘 빨대 / 스타벅스 텀블러 빨대 / 에이드 / 동물 빨대,https://smartstore.naver.com/donggramirefillery/products/5117021027
https://shop-phinf.pstatic.net/20200903_297/1599067204827RcTSu_JPEG/36430593319329361_1435392563.jpeg?type=f295_381,"12,000",eeeek 다회용 실리콘 투약병 / 캠핑용 양념통 / 렌즈 세척액 휴대용기,https://smartstore.naver.com/donggramirefillery/products/5098475747
https://shop-phinf.pstatic.net/20210405_33/1617626601196SssxI_JPEG/18762443906147083_319809241.jpeg?type=f295_381,"14,300",제로웨이스트/플라스틱프리/대용량 디어얼스 고체치약,https://smartstore.naver.com/donggramirefillery/products/5094854688
